Entity,Code,Year,"Contraceptive prevalence, modern methods (% of women ages 15-49)"
Afghanistan,AFG,1973,1.6
Afghanistan,AFG,1974,1.6
Afghanistan,AFG,2000,3.6
Afghanistan,AFG,2003,8.7
Afghanistan,AFG,2005,12.5
Afghanistan,AFG,2006,17.5
Afghanistan,AFG,2008,15.2
Afghanistan,AFG,2010,19.9
Afghanistan,AFG,2011,20.3
Afghanistan,AFG,2012,13.8
Afghanistan,AFG,2015,16.3
Afghanistan,AFG,2016,19.8
Afghanistan,AFG,2018,17.4
Africa Eastern and Southern,,1990,14.3587382541798
Africa Eastern and Southern,,2000,20.753712385086
Africa Eastern and Southern,,2010,23.9926117569272
Africa Eastern and Southern,,2017,35.4201315037891
Africa Western and Central,,1990,3.74898824588193
Africa Western and Central,,2000,8.72801191328849
Africa Western and Central,,2010,12.577187944338
Africa Western and Central,,2017,15.4857473946463
Albania,ALB,2000,17.9
Albania,ALB,2002,8
Albania,ALB,2005,25
Albania,ALB,2009,10.6
Albania,ALB,2018,3.7
Algeria,DZA,1987,31.3
Algeria,DZA,1992,43.2
Algeria,DZA,1995,49.4
Algeria,DZA,2000,55
Algeria,DZA,2002,51.8
Algeria,DZA,2006,53.9
Algeria,DZA,2012,48
Algeria,DZA,2013,49.5
Angola,AGO,1996,4.1
Angola,AGO,2001,4.9
Angola,AGO,2016,12.5
Antigua and Barbuda,ATG,1981,44.6
Antigua and Barbuda,ATG,1988,50.6
Arab World,,1990,31.2130338337069
Arab World,,2000,39.4219171485584
Arab World,,2010,42.8522827574147
Arab World,,2017,38.7378876197274
Argentina,ARG,2001,63.8
Argentina,ARG,2005,69.9
Argentina,ARG,2012,53.5
Argentina,ARG,2013,78.2
Armenia,ARM,1991,25.2
Armenia,ARM,2000,22.3
Armenia,ARM,2005,19.5
Armenia,ARM,2010,26.8
Armenia,ARM,2015,28
Armenia,ARM,2016,28
Australia,AUS,1986,72.2
Australia,AUS,1995,63.9
Australia,AUS,2002,70.8
Australia,AUS,2005,68.1
Australia,AUS,2006,63.058
Australia,AUS,2009,59.21
Australia,AUS,2012,65.12
Australia,AUS,2016,64.65
Austria,AUT,1996,46.8
Austria,AUT,2009,67.6
Austria,AUT,2013,63
Azerbaijan,AZE,2000,16.7
Azerbaijan,AZE,2001,11.9
Azerbaijan,AZE,2006,14.3
Azerbaijan,AZE,2011,13.9
Bahamas,BHS,1988,60.1
Bahrain,BHR,1989,30.3
Bahrain,BHR,1995,30.6
Bangladesh,BGD,1976,5
Bangladesh,BGD,1980,8.9
Bangladesh,BGD,1981,11
Bangladesh,BGD,1984,13.7
Bangladesh,BGD,1986,18.4
Bangladesh,BGD,1989,23.2
Bangladesh,BGD,1991,31.2
Bangladesh,BGD,1994,36.6
Bangladesh,BGD,1997,42.1
Bangladesh,BGD,2000,44
Bangladesh,BGD,2001,43.9
Bangladesh,BGD,2004,47.6
Bangladesh,BGD,2007,47.5
Bangladesh,BGD,2011,52.1
Bangladesh,BGD,2013,59.3
Bangladesh,BGD,2014,53.9
Bangladesh,BGD,2016,56
Bangladesh,BGD,2018,51.9
Bangladesh,BGD,2019,59.1
Barbados,BRB,1981,44.7
Barbados,BRB,1988,53.3
Barbados,BRB,2012,55.4
Belarus,BLR,1995,42.1
Belarus,BLR,2005,56.5
Belarus,BLR,2012,52
Belarus,BLR,2017,59.27
Belgium,BEL,1966,10.8
Belgium,BEL,1976,47.9
Belgium,BEL,1983,63.2
Belgium,BEL,1992,74.3
Belgium,BEL,1997,54.8
Belgium,BEL,2001,74
Belgium,BEL,2004,72.9
Belgium,BEL,2009,69.1
Belgium,BEL,2010,69.1
Belgium,BEL,2013,65.9075898301904
Belgium,BEL,2018,65.4
Belize,BLZ,1991,41.8
Belize,BLZ,1999,49.3
Belize,BLZ,2006,31.5
Belize,BLZ,2011,52
Belize,BLZ,2016,48.5
Benin,BEN,1982,0.7
Benin,BEN,1996,3.4
Benin,BEN,2001,7.2
Benin,BEN,2006,6.1
Benin,BEN,2012,7.9
Benin,BEN,2014,12.5
Benin,BEN,2018,12
Bhutan,BTN,1994,18.8
Bhutan,BTN,2000,30.7
Bhutan,BTN,2007,35.4
Bhutan,BTN,2010,65.4
Bolivia,BOL,1983,9.9
Bolivia,BOL,1989,12.2
Bolivia,BOL,1994,17.7
Bolivia,BOL,1998,25.2
Bolivia,BOL,2000,30.5
Bolivia,BOL,2003,34.9
Bolivia,BOL,2004,34.9
Bolivia,BOL,2008,34.5
Bolivia,BOL,2016,45.1
Bosnia and Herzegovina,BIH,1970,3.1
Bosnia and Herzegovina,BIH,2000,16.2
Bosnia and Herzegovina,BIH,2006,11.3
Bosnia and Herzegovina,BIH,2012,12
Botswana,BWA,1984,18.6
Botswana,BWA,1988,31.7
Botswana,BWA,1996,46.508599498866
Botswana,BWA,2000,42.1
Botswana,BWA,2007,51.2
Botswana,BWA,2008,51.2
Brazil,BRA,1986,56.5
Brazil,BRA,1996,70.3
Brazil,BRA,2007,77.1
Brazil,BRA,2013,77.7
Bulgaria,BGR,1976,6
Bulgaria,BGR,1995,45.6
Bulgaria,BGR,1998,39.6
Bulgaria,BGR,2005,36.8
Bulgaria,BGR,2007,40.1
Burkina Faso,BFA,1993,4.2
Burkina Faso,BFA,1999,4.8
Burkina Faso,BFA,2003,8.7
Burkina Faso,BFA,2006,14.4
Burkina Faso,BFA,2010,15
Burkina Faso,BFA,2011,15
Burkina Faso,BFA,2014,20
Burkina Faso,BFA,2015,20
Burkina Faso,BFA,2016,24.23
Burkina Faso,BFA,2017,24.5177449480718
Burkina Faso,BFA,2018,29.9216089697224
Burkina Faso,BFA,2019,30.7
Burkina Faso,BFA,2020,28.1
Burundi,BDI,1987,1.2
Burundi,BDI,2000,10
Burundi,BDI,2002,8.5
Burundi,BDI,2005,7.9
Burundi,BDI,2009,19.6
Burundi,BDI,2010,17.7
Burundi,BDI,2011,17.7
Burundi,BDI,2012,30.3
Burundi,BDI,2016,22.4
Burundi,BDI,2017,22.4
Cambodia,KHM,1995,6.9
Cambodia,KHM,1998,16.1
Cambodia,KHM,2000,18.8
Cambodia,KHM,2005,27.2
Cambodia,KHM,2006,27.2
Cambodia,KHM,2010,34.9
Cambodia,KHM,2011,34.9
Cambodia,KHM,2014,38.8
Cameroon,CMR,1978,0.6
Cameroon,CMR,1991,4.3
Cameroon,CMR,1998,7.1
Cameroon,CMR,2000,11.1
Cameroon,CMR,2004,13.1
Cameroon,CMR,2006,15.2
Cameroon,CMR,2011,14.4
Cameroon,CMR,2014,21
Cameroon,CMR,2018,15
Canada,CAN,1984,69.7
Canada,CAN,1995,73.3
Canada,CAN,1998,76
Canada,CAN,2002,72
Cape Verde,CPV,1989,19
Cape Verde,CPV,1998,46
Cape Verde,CPV,2005,57.1
Cape Verde,CPV,2018,54.7
Caribbean Small States,,1990,48.5207133352642
Caribbean Small States,,2010,54.5541421630602
Central African Republic,CAF,1995,3.3
Central African Republic,CAF,2000,11.7
Central African Republic,CAF,2006,11.2
Central African Republic,CAF,2010,12.1
Central African Republic,CAF,2011,12.1
Central African Republic,CAF,2019,14.4
Chad,TCD,1997,1.2
Chad,TCD,2000,6.4
Chad,TCD,2004,1.7
Chad,TCD,2010,4.5
Chad,TCD,2015,5
Chad,TCD,2019,6.7
Chile,CHL,2001,57.9
Chile,CHL,2006,64.2
Chile,CHL,2016,69.8447485711797
China,CHN,1970,13.47
China,CHN,1971,17.26
China,CHN,1972,22.492249
China,CHN,1973,28.43
China,CHN,1974,34.42
China,CHN,1975,40.62
China,CHN,1976,45.214521
China,CHN,1977,48.41
China,CHN,1978,50.23
China,CHN,1979,53.665366
China,CHN,1980,54.564543
China,CHN,1981,54.71
China,CHN,1982,66.7
China,CHN,1983,64.22
China,CHN,1984,66.32
China,CHN,1985,66.15
China,CHN,1986,65.73
China,CHN,1987,69.343065
China,CHN,1988,69.9
China,CHN,1992,83.7
China,CHN,1997,83.3
China,CHN,2001,86.2
China,CHN,2006,84
China,CHN,2015,85.40693
China,CHN,2017,80.5
Colombia,COL,1969,8.9
Colombia,COL,1976,30.4
Colombia,COL,1978,37.3
Colombia,COL,1980,41
Colombia,COL,1986,52.5
Colombia,COL,1990,54.7
Colombia,COL,1995,59.3
Colombia,COL,2000,64
Colombia,COL,2005,68.2
Colombia,COL,2010,72.9
Colombia,COL,2015,75.9
Colombia,COL,2016,75.9
Comoros,COM,1996,11.4
Comoros,COM,2000,20.9
Comoros,COM,2012,14.2
Congo,COG,2005,12.7
Congo,COG,2012,20
Congo,COG,2015,18.5
Costa Rica,CRI,1976,53.5
Costa Rica,CRI,1978,54.9
Costa Rica,CRI,1981,55.9
Costa Rica,CRI,1986,58.2
Costa Rica,CRI,1993,64.6
Costa Rica,CRI,1999,71.5
Costa Rica,CRI,2009,76.4
Costa Rica,CRI,2010,79.9
Costa Rica,CRI,2011,74.7
Costa Rica,CRI,2015,74.9
Costa Rica,CRI,2018,69
Cote d'Ivoire,CIV,1981,0.5
Cote d'Ivoire,CIV,1994,4.3
Cote d'Ivoire,CIV,1999,7.3
Cote d'Ivoire,CIV,2006,9.3
Cote d'Ivoire,CIV,2012,12.5
Cote d'Ivoire,CIV,2016,14.3
Cote d'Ivoire,CIV,2017,18.8723620582225
Cote d'Ivoire,CIV,2018,19.6
Croatia,HRV,1970,7
Cuba,CUB,1987,67
Cuba,CUB,2000,72.2
Cuba,CUB,2006,71.6
Cuba,CUB,2011,73.2
Cuba,CUB,2014,72.2
Cuba,CUB,2019,67.9405517790091
Czechia,CZE,1970,24.3
Czechia,CZE,1977,49.3
Czechia,CZE,1991,53
Czechia,CZE,1993,44.9
Czechia,CZE,1997,62.6
Czechia,CZE,2005,69.9
Czechia,CZE,2008,77.6
Democratic Republic of Congo,COD,1983,4.4
Democratic Republic of Congo,COD,1984,4.4
Democratic Republic of Congo,COD,1991,2.3
Democratic Republic of Congo,COD,2001,10.2
Democratic Republic of Congo,COD,2007,5.8
Democratic Republic of Congo,COD,2010,7.7
Democratic Republic of Congo,COD,2014,7.5
Democratic Republic of Congo,COD,2018,17.6
Denmark,DNK,1970,54
Denmark,DNK,1975,59.9
Denmark,DNK,1988,72
Djibouti,DJI,2002,5.8
Djibouti,DJI,2006,17.1
Djibouti,DJI,2012,18
Dominica,DMA,1981,57.5
Dominica,DMA,1982,57.5
Dominica,DMA,1987,47.9
Dominican Republic,DOM,1975,26
Dominican Republic,DOM,1980,35
Dominican Republic,DOM,1983,41.8
Dominican Republic,DOM,1986,46.5
Dominican Republic,DOM,1991,51.7
Dominican Republic,DOM,1996,59.2
Dominican Republic,DOM,1999,64.2
Dominican Republic,DOM,2000,62.8
Dominican Republic,DOM,2002,65.8
Dominican Republic,DOM,2006,60
Dominican Republic,DOM,2007,70
Dominican Republic,DOM,2010,71.1
Dominican Republic,DOM,2013,68.7
Dominican Republic,DOM,2014,68
Early-demographic dividend,,1990,36.4522041233924
Early-demographic dividend,,2000,42.2376419153206
Early-demographic dividend,,2010,48.0257690682131
Early-demographic dividend,,2017,47.7968477294288
East Asia & Pacific,,1990,72.3999079370082
East Asia & Pacific,,2000,74.4895725372579
East Asia & Pacific,,2017,69.6443562511529
East Asia & Pacific (IDA & IBRD),,1990,74.3447609078109
East Asia & Pacific (IDA & IBRD),,2000,76.324711379775
East Asia & Pacific (IDA & IBRD),,2017,71.5102199157222
East Asia & Pacific (excluding high income),,1990,74.0419200268871
East Asia & Pacific (excluding high income),,2000,76.0995590413951
East Asia & Pacific (excluding high income),,2017,71.4762315476582
Ecuador,ECU,1979,25.8
Ecuador,ECU,1982,32.9
Ecuador,ECU,1987,35.8
Ecuador,ECU,1989,41.6
Ecuador,ECU,1994,45.9
Ecuador,ECU,1999,51.4
Ecuador,ECU,2004,58.7
Ecuador,ECU,2012,71.7
Egypt,EGY,1975,22.4
Egypt,EGY,1980,29.7
Egypt,EGY,1984,28.7
Egypt,EGY,1988,35.5
Egypt,EGY,1989,35.4
Egypt,EGY,1991,44.3
Egypt,EGY,1992,44.8
Egypt,EGY,1993,44.8
Egypt,EGY,1995,45.5
Egypt,EGY,1996,45.5
Egypt,EGY,1997,51.8
Egypt,EGY,1998,51.8
Egypt,EGY,2000,53.9
Egypt,EGY,2003,56.6
Egypt,EGY,2005,56.5
Egypt,EGY,2008,57.6
Egypt,EGY,2014,56.9
El Salvador,SLV,1975,20
El Salvador,SLV,1978,32.3
El Salvador,SLV,1985,44.5
El Salvador,SLV,1988,43.5
El Salvador,SLV,1993,48.4
El Salvador,SLV,1998,54.7
El Salvador,SLV,2003,61
El Salvador,SLV,2008,66.1
El Salvador,SLV,2014,67.6
Equatorial Guinea,GNQ,2000,6.5
Equatorial Guinea,GNQ,2011,9.5
Eritrea,ERI,1995,4
Eritrea,ERI,1996,4
Eritrea,ERI,2002,7.2
Eritrea,ERI,2010,7
Estonia,EST,1994,56.4
Estonia,EST,2005,57.9
Eswatini,SWZ,1988,17.1
Eswatini,SWZ,1989,17.1
Eswatini,SWZ,2000,26.1
Eswatini,SWZ,2002,38.6
Eswatini,SWZ,2007,47.7
Eswatini,SWZ,2010,63.1
Eswatini,SWZ,2014,65.5
Ethiopia,ETH,1990,2.9
Ethiopia,ETH,1997,2.8
Ethiopia,ETH,2000,6.3
Ethiopia,ETH,2005,13.9
Ethiopia,ETH,2011,27.3
Ethiopia,ETH,2014,40.4
Ethiopia,ETH,2015,35.9
Ethiopia,ETH,2016,35.1
Ethiopia,ETH,2017,35.3211751208786
Ethiopia,ETH,2018,37.8
Ethiopia,ETH,2019,40.5
Europe & Central Asia,,2010,58.2989659911393
Europe & Central Asia (IDA & IBRD),,2010,46.3201350141122
Europe & Central Asia (excluding high income),,2010,46.8651590367364
Fiji,FJI,1974,35.1
Finland,FIN,1971,53.9
Finland,FIN,1977,77.2
Finland,FIN,1990,75.4
Finland,FIN,1992,75.4807692307692
Finland,FIN,1999,72.8476821192053
Finland,FIN,2007,68.8888888888889
Finland,FIN,2015,81.5642458100559
Fragile and conflict affected situations,,1990,6.97067437756846
Fragile and conflict affected situations,,2000,17.0569989327179
Fragile and conflict affected situations,,2010,20.1447380285226
Fragile and conflict affected situations,,2017,24.0667669016031
France,FRA,1971,20.9
France,FRA,1978,47.6
France,FRA,1988,66.6
France,FRA,1994,69.3
France,FRA,2000,76.5
France,FRA,2005,74.8
France,FRA,2008,74.1
France,FRA,2010,72.7
France,FRA,2011,72.7
Gabon,GAB,2000,13.4
Gabon,GAB,2012,19.4
Gambia,GMB,1990,6.7
Gambia,GMB,2000,8.7
Gambia,GMB,2001,12.7
Gambia,GMB,2010,8.5
Gambia,GMB,2013,8.1
Gambia,GMB,2018,16.3
Gambia,GMB,2020,17.1
Georgia,GEO,1999,19.8
Georgia,GEO,2000,19.8
Georgia,GEO,2005,19.8
Georgia,GEO,2006,31.1
Georgia,GEO,2009,26.7
Georgia,GEO,2010,34.7
Georgia,GEO,2018,32.7
Germany,DEU,1971,48.25
Germany,DEU,1972,60.5800717292999
Germany,DEU,1985,67.6
Germany,DEU,1992,65.6
Germany,DEU,2005,61.6
Germany,DEU,2008,49.2
Germany,DEU,2011,80.2
Ghana,GHA,1980,5.5
Ghana,GHA,1988,5.2
Ghana,GHA,1992,7.2
Ghana,GHA,1993,10.1
Ghana,GHA,1994,10.1
Ghana,GHA,1998,13.3
Ghana,GHA,1999,13.3
Ghana,GHA,2003,18.7
Ghana,GHA,2006,14
Ghana,GHA,2008,16.6
Ghana,GHA,2011,24.9
Ghana,GHA,2013,18.2
Ghana,GHA,2014,22.2
Ghana,GHA,2015,28.6
Ghana,GHA,2016,25.56
Ghana,GHA,2017,25
Ghana,GHA,2018,24.3
Greece,GRC,1983,31.6
Greece,GRC,1999,33.6
Greece,GRC,2001,45.9
Grenada,GRD,1985,27.3
Grenada,GRD,1990,52.1
Guam,GUM,2002,58.3
Guatemala,GTM,1978,15.2
Guatemala,GTM,1983,20.6
Guatemala,GTM,1987,19.1
Guatemala,GTM,1995,26.9
Guatemala,GTM,1999,30.9
Guatemala,GTM,2002,34.5
Guatemala,GTM,2009,44
Guatemala,GTM,2015,48.9
Guinea,GIN,1992,1
Guinea,GIN,1993,1
Guinea,GIN,1999,4.2
Guinea,GIN,2005,5.7
Guinea,GIN,2012,4.6
Guinea,GIN,2016,7.8
Guinea,GIN,2018,10.3
Guinea-Bissau,GNB,2000,4.5
Guinea-Bissau,GNB,2006,9.6
Guinea-Bissau,GNB,2010,13.1
Guinea-Bissau,GNB,2014,14.4
Guinea-Bissau,GNB,2019,20.2
Guyana,GUY,1975,23.4
Guyana,GUY,1992,36.9
Guyana,GUY,2000,36.3
Guyana,GUY,2005,33.6
Guyana,GUY,2006,33
Guyana,GUY,2007,33
Guyana,GUY,2009,40
Guyana,GUY,2014,32.5
Haiti,HTI,1977,5.4
Haiti,HTI,1983,3.9
Haiti,HTI,1987,5
Haiti,HTI,1989,9.4
Haiti,HTI,1995,13.2
Haiti,HTI,2000,22.9
Haiti,HTI,2006,24.8
Haiti,HTI,2012,31.3
Haiti,HTI,2016,31.8
Haiti,HTI,2017,31.8
Heavily indebted poor countries (HIPC),,1990,5.55974445214435
Heavily indebted poor countries (HIPC),,2000,12.1397906193015
Heavily indebted poor countries (HIPC),,2010,20.2247716908103
Heavily indebted poor countries (HIPC),,2017,26.686730700533
High income,,1990,62.3582091768012
High income,,2000,66.6231264100127
Honduras,HND,1981,23.6
Honduras,HND,1984,30.4
Honduras,HND,1987,32.9
Honduras,HND,1992,34.7
Honduras,HND,1996,40.3
Honduras,HND,2001,50.9
Honduras,HND,2006,56.3
Honduras,HND,2012,63.8
Hong Kong,HKG,1972,43.3
Hong Kong,HKG,1977,64
Hong Kong,HKG,1982,63.9
Hong Kong,HKG,1987,75
Hong Kong,HKG,1992,79.7
Hong Kong,HKG,1997,80.9
Hong Kong,HKG,2002,81.3
Hong Kong,HKG,2007,75.4
Hong Kong,HKG,2012,71.9
Hong Kong,HKG,2017,64.5
Hungary,HUN,1966,18.5
Hungary,HUN,1969,31
Hungary,HUN,1972,40
Hungary,HUN,1974,44
Hungary,HUN,1975,52
Hungary,HUN,1977,52.2
Hungary,HUN,1986,62.3
Hungary,HUN,1993,71.3
Hungary,HUN,2009,54
IBRD only,,1990,59.5443684185128
IBRD only,,2000,61.7690074545257
IBRD only,,2017,61.1695156062614
IDA & IBRD total,,1990,51.3335034657172
IDA & IBRD total,,2000,53.476094893081
IDA & IBRD total,,2010,44.5348365596116
IDA & IBRD total,,2017,53.3532808643629
IDA blend,,1990,8.80160081429492
IDA blend,,2000,21.4059282145631
IDA blend,,2010,20.7351529661245
IDA blend,,2017,23.8224848290201
IDA only,,1990,13.7137937219054
IDA only,,2000,22.0644177465982
IDA only,,2010,29.696910692493
IDA only,,2017,35.0676949606977
IDA total,,1990,11.8987541240189
IDA total,,2000,21.8406767728384
IDA total,,2010,26.8173183632993
IDA total,,2017,31.3425619680244
India,IND,1971,9.5
India,IND,1981,28.1
India,IND,1988,39.9
India,IND,1993,36.5
India,IND,1999,42.8
India,IND,2000,42.3
India,IND,2003,45.7
India,IND,2004,45.7
India,IND,2006,48.5
India,IND,2008,48.1
India,IND,2016,47.8
Indonesia,IDN,1973,7.2
Indonesia,IDN,1976,22.9
Indonesia,IDN,1979,24.6
Indonesia,IDN,1985,36.9
Indonesia,IDN,1987,44
Indonesia,IDN,1991,47.1
Indonesia,IDN,1993,51.2
Indonesia,IDN,1994,52.1
Indonesia,IDN,1995,52.5
Indonesia,IDN,1996,52.6
Indonesia,IDN,1997,54.7
Indonesia,IDN,1998,54.2
Indonesia,IDN,1999,54.3
Indonesia,IDN,2000,53.8
Indonesia,IDN,2001,51.8
Indonesia,IDN,2003,56.7
Indonesia,IDN,2005,57.5
Indonesia,IDN,2006,56.5
Indonesia,IDN,2007,56.1
Indonesia,IDN,2008,57.4
Indonesia,IDN,2009,58.8
Indonesia,IDN,2010,59.5
Indonesia,IDN,2011,59.4
Indonesia,IDN,2012,57.9
Indonesia,IDN,2013,60.9
Indonesia,IDN,2014,60.5
Indonesia,IDN,2015,59.1
Indonesia,IDN,2016,58.2
Indonesia,IDN,2017,57.2
Indonesia,IDN,2018,54.2
Iran,IRN,1977,25.9
Iran,IRN,1989,30.5
Iran,IRN,1992,44.6
Iran,IRN,1993,49.2
Iran,IRN,1994,51.1
Iran,IRN,1995,53.6
Iran,IRN,1996,56.1
Iran,IRN,1997,56
Iran,IRN,2000,56
Iran,IRN,2002,58.9
Iran,IRN,2010,57
Iran,IRN,2011,57
Iraq,IRQ,1974,12.9
Iraq,IRQ,1989,10.4
Iraq,IRQ,2000,25.4
Iraq,IRQ,2006,32.8
Iraq,IRQ,2011,33.8
Iraq,IRQ,2018,36.1
Ireland,IRL,1998,67.6
Ireland,IRL,2002,66
Ireland,IRL,2004,69.8809523809524
Ireland,IRL,2005,61.4
Ireland,IRL,2010,70.906949352179
Israel,ISR,1988,51.9
Italy,ITA,1979,32.7
Italy,ITA,1996,40.6
Italy,ITA,2013,51.8
Jamaica,JAM,1976,36.2
Jamaica,JAM,1979,54.2
Jamaica,JAM,1983,48.4
Jamaica,JAM,1989,50.9
Jamaica,JAM,1993,58.3
Jamaica,JAM,1997,62.6
Jamaica,JAM,2003,66.2
Jamaica,JAM,2008,68.4
Jamaica,JAM,2009,68.4
Japan,JPN,1961,39.2
Japan,JPN,1963,43.8
Japan,JPN,1965,54.1
Japan,JPN,1967,49.1
Japan,JPN,1969,52.1
Japan,JPN,1971,52.6
Japan,JPN,1973,59.3
Japan,JPN,1975,60.5
Japan,JPN,1977,60.4
Japan,JPN,1979,62.2
Japan,JPN,1984,57.3
Japan,JPN,1986,62.7
Japan,JPN,1987,56.6
Japan,JPN,1988,51.7
Japan,JPN,1990,52.5
Japan,JPN,1992,57
Japan,JPN,1994,52.8
Japan,JPN,1996,50.6
Japan,JPN,1997,50.7
Japan,JPN,1998,48
Japan,JPN,2000,48.3
Japan,JPN,2004,44.4
Japan,JPN,2005,44.4
Japan,JPN,2014,39
Japan,JPN,2015,33.1
Jordan,JOR,1972,17.6
Jordan,JOR,1976,17.4
Jordan,JOR,1983,20.8
Jordan,JOR,1990,26.9
Jordan,JOR,1997,37.7
Jordan,JOR,2002,41.2
Jordan,JOR,2007,41.9
Jordan,JOR,2009,42
Jordan,JOR,2012,42.3
Jordan,JOR,2018,37.4
Kazakhstan,KAZ,1995,46.1
Kazakhstan,KAZ,1999,54.3
Kazakhstan,KAZ,2006,49.4
Kazakhstan,KAZ,2011,49.8
Kazakhstan,KAZ,2015,53.6
Kazakhstan,KAZ,2018,50.09
Kenya,KEN,1978,4.4
Kenya,KEN,1984,9.7
Kenya,KEN,1989,17.9
Kenya,KEN,1993,27.3
Kenya,KEN,1998,31.5
Kenya,KEN,2003,31.5
Kenya,KEN,2009,39.4
Kenya,KEN,2014,53.2
Kenya,KEN,2015,62.6
Kenya,KEN,2016,59.9
Kenya,KEN,2017,58.6762461313936
Kenya,KEN,2018,60.7
Kenya,KEN,2019,56.4
Kiribati,KIR,2000,31.1
Kiribati,KIR,2009,18
Kiribati,KIR,2019,27.2
Kuwait,KWT,1985,37.3
Kuwait,KWT,1987,31.7
Kuwait,KWT,1994,47.4
Kuwait,KWT,1996,40.9
Kuwait,KWT,1999,39.3
Kyrgyzstan,KGZ,1997,48.9
Kyrgyzstan,KGZ,2006,45.8
Kyrgyzstan,KGZ,2012,33.7
Kyrgyzstan,KGZ,2014,40
Kyrgyzstan,KGZ,2017,49
Kyrgyzstan,KGZ,2018,37.8
Laos,LAO,1993,15.1
Laos,LAO,2000,28.9
Laos,LAO,2005,35
Laos,LAO,2012,42.7
Laos,LAO,2017,49
Late-demographic dividend,,1990,76.275994842827
Late-demographic dividend,,2000,79.9217190269348
Late-demographic dividend,,2017,75.7403938693797
Latvia,LVA,1995,55.5
Least developed countries: UN classification,,1990,13.6570333445036
Least developed countries: UN classification,,2000,21.0947900355803
Least developed countries: UN classification,,2010,29.2529027146892
Least developed countries: UN classification,,2017,35.1879410706012
Lebanon,LBN,1971,23
Lebanon,LBN,1984,46.7
Lebanon,LBN,1996,37.2
Lebanon,LBN,2000,40.4
Lebanon,LBN,2004,34.2
Lebanon,LBN,2009,46.8
Lesotho,LSO,1977,3.4
Lesotho,LSO,1992,18.9
Lesotho,LSO,1995,26.8
Lesotho,LSO,2000,29.5
Lesotho,LSO,2001,36.1
Lesotho,LSO,2002,34.7
Lesotho,LSO,2004,35.2
Lesotho,LSO,2005,35.2
Lesotho,LSO,2009,45.6
Lesotho,LSO,2010,45.6
Lesotho,LSO,2014,59.8
Lesotho,LSO,2018,64.6
Liberia,LBR,1986,5.5
Liberia,LBR,2007,10.3
Liberia,LBR,2013,19.1
Liberia,LBR,2016,30.2
Liberia,LBR,2020,23.8
Libya,LBY,1995,25.7
Libya,LBY,2003,23.7
Libya,LBY,2007,20.4
Libya,LBY,2014,16.3
Lithuania,LTU,1995,33.2
Lithuania,LTU,2006,50.4
Lithuania,LTU,2009,52.1676300578035
Low & middle income,,1990,51.5990889380093
Low & middle income,,2000,53.4864667743579
Low & middle income,,2010,44.7874958489921
Low & middle income,,2017,53.3754600443689
Low income,,1990,9.97442314668277
Low income,,2000,14.0364270196056
Low income,,2010,21.3177004770308
Low income,,2017,28.1528514920845
Lower middle income,,1990,33.8777384999125
Lower middle income,,2000,39.9895019511256
Lower middle income,,2010,45.2718690151436
Lower middle income,,2017,44.6134520615239
Madagascar,MDG,1992,5.1
Madagascar,MDG,1997,9.7
Madagascar,MDG,1999,12.9
Madagascar,MDG,2000,12.4
Madagascar,MDG,2004,18.3
Madagascar,MDG,2009,29.2
Madagascar,MDG,2013,33.3
Madagascar,MDG,2017,38.6
Madagascar,MDG,2018,40.5
Malawi,MWI,1984,3.2
Malawi,MWI,1992,7.4
Malawi,MWI,1996,14.4
Malawi,MWI,2000,26.1
Malawi,MWI,2004,28.1
Malawi,MWI,2005,28.1
Malawi,MWI,2006,38.6
Malawi,MWI,2010,42.2
Malawi,MWI,2014,57.4
Malawi,MWI,2016,58.1
Malaysia,MYS,1967,6.2
Malaysia,MYS,1974,23.7
Malaysia,MYS,1984,29.8
Malaysia,MYS,1985,29.8
Malaysia,MYS,1988,31.4
Malaysia,MYS,1994,30.4
Malaysia,MYS,2004,32.3
Malaysia,MYS,2014,34.3
Maldives,MDV,1991,19
Maldives,MDV,1999,33
Maldives,MDV,2004,34
Maldives,MDV,2009,27
Maldives,MDV,2017,14.7
Mali,MLI,1987,1.3
Mali,MLI,1996,4.5
Mali,MLI,2001,6.9
Mali,MLI,2006,6.9
Mali,MLI,2010,8.8
Mali,MLI,2013,9.9
Mali,MLI,2015,15.1
Mali,MLI,2018,16.4
Malta,MLT,1971,16
Malta,MLT,1993,46
Marshall Islands,MHL,1970,18.1
Marshall Islands,MHL,1985,19.4
Marshall Islands,MHL,2007,42.4
Mauritania,MRT,1981,0.3
Mauritania,MRT,1991,1.2
Mauritania,MRT,2001,5.4
Mauritania,MRT,2007,8
Mauritania,MRT,2011,10.1
Mauritania,MRT,2015,15.6
Mauritius,MUS,1975,29.2
Mauritius,MUS,1985,44.2
Mauritius,MUS,1991,49.2
Mauritius,MUS,2002,39.3
Mauritius,MUS,2014,32
Mexico,MEX,1977,23.3
Mexico,MEX,1978,32.8
Mexico,MEX,1979,32
Mexico,MEX,1982,41.5
Mexico,MEX,1987,44.6
Mexico,MEX,1992,55.2
Mexico,MEX,1995,57.5
Mexico,MEX,1997,59.5
Mexico,MEX,2003,69.3
Mexico,MEX,2006,66.5
Mexico,MEX,2009,67.4
Mexico,MEX,2014,68.29367
Mexico,MEX,2015,64.6
Mexico,MEX,2018,69.75713
Middle East & North Africa,,1990,34.2758963261556
Middle East & North Africa,,2000,49.6183222552867
Middle East & North Africa,,2010,51.5833803068447
Middle East & North Africa (IDA & IBRD),,1990,34.0402563456682
Middle East & North Africa (IDA & IBRD),,2000,50.1034795693296
Middle East & North Africa (IDA & IBRD),,2010,52.0406100058495
Middle East & North Africa (excluding high income),,1990,34.0402563456682
Middle East & North Africa (excluding high income),,2000,49.9566605650344
Middle East & North Africa (excluding high income),,2010,51.9542635621608
Middle income,,1990,53.9778934567588
Middle income,,2000,56.3612455396564
Middle income,,2017,56.0103540190569
Moldova,MDA,1997,49.9
Moldova,MDA,2000,43.7
Moldova,MDA,2005,43.9
Moldova,MDA,2012,41.7
Moldova,MDA,2020,43.89
Mongolia,MNG,1994,41.2
Mongolia,MNG,1996,41.2
Mongolia,MNG,1998,45.7
Mongolia,MNG,2000,59.1
Mongolia,MNG,2003,58.4
Mongolia,MNG,2005,61.1
Mongolia,MNG,2008,49.6
Mongolia,MNG,2010,50.4
Mongolia,MNG,2013,48.2
Mongolia,MNG,2018,45.2
Montenegro,MNE,1970,7
Montenegro,MNE,2000,30.7
Montenegro,MNE,2006,17.4
Montenegro,MNE,2013,15.4
Montenegro,MNE,2018,11.6
Morocco,MAR,1980,16.4
Morocco,MAR,1984,21.2
Morocco,MAR,1987,28.9
Morocco,MAR,1992,35.5
Morocco,MAR,1995,42.4
Morocco,MAR,1997,48.8
Morocco,MAR,2004,54.8
Morocco,MAR,2011,58.6
Morocco,MAR,2018,59.1
Mozambique,MOZ,1997,5.1
Mozambique,MOZ,2003,11.7
Mozambique,MOZ,2004,11.7
Mozambique,MOZ,2008,14.7
Mozambique,MOZ,2009,10.4
Mozambique,MOZ,2011,11.3
Mozambique,MOZ,2015,25.3
Myanmar,MMR,1991,13.6
Myanmar,MMR,1997,28.3
Myanmar,MMR,2001,32.8
Myanmar,MMR,2007,38.4
Myanmar,MMR,2010,45.8
Myanmar,MMR,2016,51.3
Namibia,NAM,1989,32.1
Namibia,NAM,1992,26
Namibia,NAM,2000,42.6
Namibia,NAM,2007,53.5
Namibia,NAM,2013,55.3
Nauru,NRU,2007,25.1
Nepal,NPL,1976,2.4
Nepal,NPL,1981,6.8
Nepal,NPL,1986,15.1
Nepal,NPL,1992,24.1
Nepal,NPL,1996,26
Nepal,NPL,2000,37.1
Nepal,NPL,2001,35.4
Nepal,NPL,2004,37.9
Nepal,NPL,2006,44.2
Nepal,NPL,2011,43.2
Nepal,NPL,2014,47.1
Nepal,NPL,2016,42.8
Nepal,NPL,2017,42.8
Nepal,NPL,2019,44.1841041468623
Netherlands,NLD,1969,41.6
Netherlands,NLD,1975,69.1
Netherlands,NLD,1977,65.2
Netherlands,NLD,1982,73.9
Netherlands,NLD,1988,72
Netherlands,NLD,1993,75.6
Netherlands,NLD,1998,74
Netherlands,NLD,2003,73
Netherlands,NLD,2008,72
Netherlands,NLD,2013,70
New Zealand,NZL,1976,61.5
New Zealand,NZL,1995,72.3
New Zealand,NZL,2015,74.7
Nicaragua,NIC,1981,22.8
Nicaragua,NIC,1993,44.9
Nicaragua,NIC,1998,57.4
Nicaragua,NIC,2001,66.1
Nicaragua,NIC,2007,69.8
Nicaragua,NIC,2012,77.4
Niger,NER,1992,2.3
Niger,NER,1998,4.6
Niger,NER,2000,11.2
Niger,NER,2006,9.7
Niger,NER,2012,12.2
Niger,NER,2015,13.2
Niger,NER,2016,14.4
Niger,NER,2017,18.11623123501
Niger,NER,2018,10.5
Nigeria,NGA,1982,0.9
Nigeria,NGA,1990,3.5
Nigeria,NGA,1994,10.9
Nigeria,NGA,1999,8.6
Nigeria,NGA,2003,8.2
Nigeria,NGA,2007,10.5
Nigeria,NGA,2008,9.7
Nigeria,NGA,2011,11.7
Nigeria,NGA,2012,10.5
Nigeria,NGA,2013,9.8
Nigeria,NGA,2016,16
Nigeria,NGA,2017,10.8
Nigeria,NGA,2018,12.1
North America,,1990,66.6
North America,,2000,68.4918734814546
North America,,2010,70.4
North America,,2017,66.1
North Korea,PRK,1991,53
North Korea,PRK,1992,53
North Korea,PRK,1997,55.8
North Korea,PRK,2002,58.2
North Korea,PRK,2004,56.3
North Korea,PRK,2006,58.5
North Korea,PRK,2010,65.3
North Korea,PRK,2014,76.5
North Korea,PRK,2017,68.8
North Macedonia,MKD,1970,3.1
North Macedonia,MKD,2011,12.8
North Macedonia,MKD,2019,14
Northern Mariana Islands,MNP,1970,16
Norway,NOR,1978,65.2
Norway,NOR,1989,69.2
Norway,NOR,1998,78.3
Norway,NOR,2005,82.2
OECD members,,1990,59.5124098791864
OECD members,,2000,63.9144186289554
OECD members,,2010,68.0845165430184
Oman,OMN,1989,7.5
Oman,OMN,1995,18.2
Oman,OMN,2000,24.6
Oman,OMN,2008,15.3
Oman,OMN,2014,18.8
Other small states,,2000,26.1415060296008
Pakistan,PAK,1975,3.9
Pakistan,PAK,1985,7.6
Pakistan,PAK,1991,9
Pakistan,PAK,1993,17.9
Pakistan,PAK,1995,12.6
Pakistan,PAK,1997,16.9
Pakistan,PAK,2001,20.2
Pakistan,PAK,2003,25.2
Pakistan,PAK,2006,18.4
Pakistan,PAK,2007,21.7
Pakistan,PAK,2008,19.3
Pakistan,PAK,2012,21.68
Pakistan,PAK,2013,26.1
Pakistan,PAK,2014,23
Pakistan,PAK,2018,25
Pakistan,PAK,2019,23.4
Palau,PLW,2003,29.7
Palestine,PSE,1996,30.7
Palestine,PSE,2000,36.7
Palestine,PSE,2004,37.3
Palestine,PSE,2006,38.9
Palestine,PSE,2007,38.9
Palestine,PSE,2010,44.2
Palestine,PSE,2014,44.1
Palestine,PSE,2020,42.8
Panama,PAN,1976,45.9
Panama,PAN,1979,54.1
Panama,PAN,1984,54.2
Panama,PAN,1985,54.2
Panama,PAN,2009,59.5
Panama,PAN,2013,60.1
Panama,PAN,2015,46.9
Papua New Guinea,PNG,1996,19.6
Papua New Guinea,PNG,1997,19.6
Papua New Guinea,PNG,2006,24.3
Papua New Guinea,PNG,2007,24.3
Papua New Guinea,PNG,2018,30.5
Paraguay,PRY,1977,23.3
Paraguay,PRY,1979,25.4
Paraguay,PRY,1987,29
Paraguay,PRY,1990,35.2
Paraguay,PRY,1996,41.3
Paraguay,PRY,1998,47.5
Paraguay,PRY,2004,60.5
Paraguay,PRY,2008,70.7
Paraguay,PRY,2016,66.5
Peru,PER,1970,10
Peru,PER,1978,11.2
Peru,PER,1981,17
Peru,PER,1986,23
Peru,PER,1992,32.8
Peru,PER,1996,41.3
Peru,PER,2000,50.5
Peru,PER,2005,47.6
Peru,PER,2006,47.6
Peru,PER,2008,49.1
Peru,PER,2009,50
Peru,PER,2010,50.6
Peru,PER,2011,51.2
Peru,PER,2012,51.9
Peru,PER,2013,51.3
Peru,PER,2014,52.2
Peru,PER,2015,53.3
Peru,PER,2016,54.3
Peru,PER,2017,54.5
Peru,PER,2018,55
Philippines,PHL,1978,16.2
Philippines,PHL,1993,24.9
Philippines,PHL,1995,25.5
Philippines,PHL,1996,30.2
Philippines,PHL,1997,30.9
Philippines,PHL,1998,28.2
Philippines,PHL,1999,32.3
Philippines,PHL,2000,32.1
Philippines,PHL,2001,33.1
Philippines,PHL,2002,35.1
Philippines,PHL,2003,33.3
Philippines,PHL,2004,35
Philippines,PHL,2005,35.9
Philippines,PHL,2006,35.9
Philippines,PHL,2008,34
Philippines,PHL,2011,36.8
Philippines,PHL,2013,37.4
Philippines,PHL,2017,40.1
Poland,POL,1972,13.2
Poland,POL,1977,26.3
Poland,POL,1991,28
Poland,POL,2011,41.2
Portugal,PRT,1980,37.8
Portugal,PRT,1997,70.4
Portugal,PRT,2006,82.5
Portugal,PRT,2014,67.0834388169945
Post-demographic dividend,,1990,64.5956926487702
Post-demographic dividend,,2000,64.380557801989
Post-demographic dividend,,2010,69.9111789005357
Pre-demographic dividend,,1990,5.50198929376749
Pre-demographic dividend,,2000,12.0666840005601
Pre-demographic dividend,,2010,16.8199059835731
Pre-demographic dividend,,2017,22.8844423738107
Puerto Rico,PRI,1968,50.8
Puerto Rico,PRI,1974,55
Puerto Rico,PRI,1976,57.6
Puerto Rico,PRI,1982,62.1
Puerto Rico,PRI,1996,67.6
Puerto Rico,PRI,2002,72.2
Qatar,QAT,1987,28.9
Qatar,QAT,1998,32.3
Qatar,QAT,2012,34.4
Romania,ROU,1978,5.3
Romania,ROU,1993,14.5
Romania,ROU,1999,29.5
Romania,ROU,2004,38.2
Romania,ROU,2005,50.5
Russia,RUS,1993,44.4
Russia,RUS,1994,48.6
Russia,RUS,1995,47.5
Russia,RUS,1996,47.1
Russia,RUS,2004,64.6
Russia,RUS,2007,65
Russia,RUS,2010,54.4
Russia,RUS,2011,55
Rwanda,RWA,1983,0.9
Rwanda,RWA,1992,12.9
Rwanda,RWA,1996,7.1
Rwanda,RWA,2000,5.7
Rwanda,RWA,2005,9.7
Rwanda,RWA,2008,27.1
Rwanda,RWA,2010,45.1
Rwanda,RWA,2011,44.5
Rwanda,RWA,2015,47.5
Saint Kitts and Nevis,KNA,1984,37
Saint Lucia,LCA,1981,50.7
Saint Lucia,LCA,1988,45.9
Saint Lucia,LCA,2012,52.5
Saint Vincent and the Grenadines,VCT,1981,51.6
Saint Vincent and the Grenadines,VCT,1988,55.9
Samoa,WSM,1998,23.2
Samoa,WSM,2009,26.7
Samoa,WSM,2014,24.3
Sao Tome and Principe,STP,2000,28
Sao Tome and Principe,STP,2006,28.5
Sao Tome and Principe,STP,2009,33.7
Sao Tome and Principe,STP,2014,37.4
Sao Tome and Principe,STP,2019,46.1
Saudi Arabia,SAU,1997,28.5
Saudi Arabia,SAU,2016,20.8
Senegal,SEN,1978,0.6
Senegal,SEN,1986,2.4
Senegal,SEN,1993,4.8
Senegal,SEN,1997,8.1
Senegal,SEN,1999,8.2
Senegal,SEN,2005,10.3
Senegal,SEN,2011,12.1
Senegal,SEN,2013,16.1
Senegal,SEN,2014,20.4
Senegal,SEN,2015,21.2
Senegal,SEN,2016,23.1
Senegal,SEN,2017,26.2
Senegal,SEN,2018,25.1
Senegal,SEN,2019,25.4
Serbia,SRB,1970,3.7
Serbia,SRB,2000,33
Serbia,SRB,2006,18.9
Serbia,SRB,2010,22.3
Serbia,SRB,2014,18.4
Serbia,SRB,2019,21.4
Sierra Leone,SLE,1992,2.4
Sierra Leone,SLE,2000,3.9
Sierra Leone,SLE,2005,4.9
Sierra Leone,SLE,2008,6.7
Sierra Leone,SLE,2010,10
Sierra Leone,SLE,2013,15.6
Sierra Leone,SLE,2017,21.8
Sierra Leone,SLE,2019,20.8
Singapore,SGP,1973,52.8
Singapore,SGP,1977,62.8
Singapore,SGP,1982,58.8
Singapore,SGP,1987,53
Singapore,SGP,1992,52
Singapore,SGP,1997,55
Slovakia,SVK,1991,41
Slovakia,SVK,1997,65.6
Slovenia,SVN,1970,14.2
Slovenia,SVN,1995,63.2
Small states,,2000,27.7110317181424
Solomon Islands,SLB,2007,27.4
Solomon Islands,SLB,2015,24.3
Somalia,SOM,1999,1
Somalia,SOM,2006,1.1
Somalia,SOM,2011,1.5
Somalia,SOM,2019,0.9
South Africa,ZAF,1988,48.4
South Africa,ZAF,1989,48.4
South Africa,ZAF,1998,55.1
South Africa,ZAF,2003,59.8
South Africa,ZAF,2004,59.8
South Africa,ZAF,2016,54
South Asia,,1990,36.0202306289735
South Asia,,2000,39.9088087215883
South Asia,,2010,45.1622046402855
South Asia,,2017,45.6009814195379
South Asia (IDA & IBRD),,1990,36.0202306289735
South Asia (IDA & IBRD),,2000,39.9088087215883
South Asia (IDA & IBRD),,2010,45.1622046402855
South Asia (IDA & IBRD),,2017,45.6009814195379
South Korea,KOR,1965,14
South Korea,KOR,1966,15
South Korea,KOR,1971,20.3
South Korea,KOR,1974,27
South Korea,KOR,1976,32.9
South Korea,KOR,1979,43.1
South Korea,KOR,1982,47.4
South Korea,KOR,1985,59.4
South Korea,KOR,1988,70.1
South Korea,KOR,1991,69.5
South Korea,KOR,1994,66.8
South Korea,KOR,1997,73.7
South Korea,KOR,2000,71.45
South Korea,KOR,2003,71.2
South Korea,KOR,2006,72.95
South Korea,KOR,2009,66.4
South Sudan,SSD,2006,3.3
South Sudan,SSD,2010,1.7
South Sudan,SSD,2011,6.5
South Sudan,SSD,2015,5
Spain,ESP,1977,18.6
Spain,ESP,1985,38
Spain,ESP,1995,67.4
Spain,ESP,1999,66
Spain,ESP,2006,62.3
Spain,ESP,2014,71.7
Spain,ESP,2016,69.9
Spain,ESP,2018,70.1
Sri Lanka,LKA,1975,20.2
Sri Lanka,LKA,1977,26.9
Sri Lanka,LKA,1982,33.7
Sri Lanka,LKA,1987,40.6
Sri Lanka,LKA,1993,43.7
Sri Lanka,LKA,2000,49.6
Sri Lanka,LKA,2007,52.5
Sri Lanka,LKA,2016,53.6
Sub-Saharan Africa,,1990,10.5351100051327
Sub-Saharan Africa,,2000,15.8612616626996
Sub-Saharan Africa,,2010,18.9015578135276
Sub-Saharan Africa,,2017,27.5300436976022
Sub-Saharan Africa (IDA & IBRD),,1990,10.5351100051327
Sub-Saharan Africa (IDA & IBRD),,2000,15.8612616626996
Sub-Saharan Africa (IDA & IBRD),,2010,18.9015578135276
Sub-Saharan Africa (IDA & IBRD),,2017,27.5300436976022
Sub-Saharan Africa (excluding high income),,1990,10.5351100051327
Sub-Saharan Africa (excluding high income),,2000,15.8612616626996
Sub-Saharan Africa (excluding high income),,2010,18.9015578135276
Sub-Saharan Africa (excluding high income),,2017,27.5300436976022
Sudan,SDN,1979,3.9
Sudan,SDN,1990,5.6
Sudan,SDN,1993,6.9
Sudan,SDN,1999,5.4
Sudan,SDN,2006,9
Sudan,SDN,2010,8.5
Sudan,SDN,2014,11.7
Suriname,SUR,1992,46.6
Suriname,SUR,2000,40.7
Suriname,SUR,2006,45
Suriname,SUR,2010,47.2
Suriname,SUR,2018,38.5
Sweden,SWE,1981,72
Sweden,SWE,1996,64.8
Sweden,SWE,2013,68.8
Sweden,SWE,2017,68.1
Switzerland,CHE,1980,64.9
Switzerland,CHE,1995,77.5
Switzerland,CHE,2012,69.2
Switzerland,CHE,2017,67.3
Syria,SYR,1978,22.4
Syria,SYR,1993,28.3
Syria,SYR,2001,35.1
Syria,SYR,2006,46.6
Syria,SYR,2009,37.5
Tajikistan,TJK,2000,28.3
Tajikistan,TJK,2005,36.2
Tajikistan,TJK,2007,31.7
Tajikistan,TJK,2012,25.8
Tajikistan,TJK,2017,27.1
Tanzania,TZA,1992,6.6
Tanzania,TZA,1994,13.1
Tanzania,TZA,1996,13.3
Tanzania,TZA,1999,18.8
Tanzania,TZA,2004,23.4
Tanzania,TZA,2005,20
Tanzania,TZA,2010,27.4
Tanzania,TZA,2016,32
Thailand,THA,1970,14.8
Thailand,THA,1973,25.7
Thailand,THA,1975,33.9
Thailand,THA,1978,49.3
Thailand,THA,1981,56.3
Thailand,THA,1984,62
Thailand,THA,1987,63.6
Thailand,THA,1989,64.2
Thailand,THA,1993,72.2
Thailand,THA,1996,73.8
Thailand,THA,1997,69.8
Thailand,THA,2001,76.1
Thailand,THA,2006,70.1
Thailand,THA,2009,77.5
Thailand,THA,2012,76.9
Thailand,THA,2016,75.5
Thailand,THA,2019,71.3
Timor,TLS,1991,20.4
Timor,TLS,1994,20.7
Timor,TLS,1997,25.1
Timor,TLS,2001,6.6
Timor,TLS,2003,8.6
Timor,TLS,2007,15.8
Timor,TLS,2010,20.6
Timor,TLS,2016,23.7
Togo,TGO,1988,3.1
Togo,TGO,1998,7
Togo,TGO,2000,13.3
Togo,TGO,2006,11.6
Togo,TGO,2010,13.7
Togo,TGO,2014,17.2
Togo,TGO,2017,21.5
Tonga,TON,2012,28.4
Tonga,TON,2019,25.2
Trinidad and Tobago,TTO,1971,36.5
Trinidad and Tobago,TTO,1977,53.4
Trinidad and Tobago,TTO,1987,44.4
Trinidad and Tobago,TTO,2000,33.3
Trinidad and Tobago,TTO,2006,38.1
Trinidad and Tobago,TTO,2011,37.6
Tunisia,TUN,1978,24.7
Tunisia,TUN,1983,34.2
Tunisia,TUN,1988,40.4
Tunisia,TUN,1995,51
Tunisia,TUN,2000,57.7
Tunisia,TUN,2001,53.1
Tunisia,TUN,2006,51.5
Tunisia,TUN,2012,50.9
Tunisia,TUN,2018,44.3
Turkey,TUR,1963,6.7
Turkey,TUR,1968,9.3
Turkey,TUR,1973,11.4
Turkey,TUR,1978,17.8
Turkey,TUR,1983,22.4
Turkey,TUR,1988,31.1
Turkey,TUR,1993,34.5
Turkey,TUR,1998,37.7
Turkey,TUR,2003,42.5
Turkey,TUR,2004,43.1
Turkey,TUR,2008,46
Turkey,TUR,2013,47.4
Turkey,TUR,2014,47.4
Turkey,TUR,2018,49
Turkmenistan,TKM,2000,45.2
Turkmenistan,TKM,2006,46.9
Turkmenistan,TKM,2015,47.1
Turkmenistan,TKM,2016,47.1
Turkmenistan,TKM,2019,47.3
Tuvalu,TUV,2007,22.4
Uganda,UGA,1989,2.5
Uganda,UGA,1995,7.8
Uganda,UGA,2001,18.2
Uganda,UGA,2005,18.7
Uganda,UGA,2006,17.9
Uganda,UGA,2011,26
Uganda,UGA,2014,25.3
Uganda,UGA,2015,29.5
Uganda,UGA,2016,34.5
Uganda,UGA,2017,33.8825230835178
Uganda,UGA,2018,36.3
Ukraine,UKR,1999,37.6
Ukraine,UKR,2005,58.5
Ukraine,UKR,2007,47.5
Ukraine,UKR,2012,47.8
United Arab Emirates,ARE,1995,23.6
United Kingdom,GBR,1986,78
United Kingdom,GBR,1989,66
United Kingdom,GBR,1991,70
United Kingdom,GBR,1993,82
United Kingdom,GBR,1995,80
United Kingdom,GBR,1996,80
United Kingdom,GBR,1997,74
United Kingdom,GBR,1998,74
United Kingdom,GBR,1999,82
United Kingdom,GBR,2000,76
United Kingdom,GBR,2001,80
United Kingdom,GBR,2002,82
United Kingdom,GBR,2003,81
United Kingdom,GBR,2004,84
United Kingdom,GBR,2005,79
United Kingdom,GBR,2006,82
United Kingdom,GBR,2007,84
United Kingdom,GBR,2008,82
United Kingdom,GBR,2009,84
United Kingdom,GBR,2012,71.1
United States,USA,1965,49.1
United States,USA,1970,56.8
United States,USA,1973,63.5
United States,USA,1975,73.2
United States,USA,1976,60.5
United States,USA,1982,64
United States,USA,1988,69.1
United States,USA,1990,66.6
United States,USA,1995,70.5
United States,USA,2002,68.1
United States,USA,2007,71.6
United States,USA,2008,71.6
United States,USA,2010,70.4
United States,USA,2012,70.1
United States,USA,2013,70.1
United States,USA,2014,63.10396
United States,USA,2015,63.10396
United States,USA,2016,67.7188112151858
United States,USA,2017,67.7188112151858
United States,USA,2019,66.1
United States Virgin Islands,VIR,2002,72.6
Upper middle income,,1990,75.1948626607759
Upper middle income,,2000,77.2548677672477
Upper middle income,,2017,73.0975067126492
Uruguay,URY,1986,72.4
Uruguay,URY,2004,74.8
Uruguay,URY,2015,78.2742196331713
Uzbekistan,UZB,1996,51.3
Uzbekistan,UZB,2000,63.6
Uzbekistan,UZB,2002,62.8
Uzbekistan,UZB,2006,61.9
Vanuatu,VUT,1984,20.8
Vanuatu,VUT,1995,32.1
Vanuatu,VUT,2007,37
Vanuatu,VUT,2013,37.1
Venezuela,VEN,1977,46.1
Venezuela,VEN,1993,54.5
Venezuela,VEN,1998,61.7
Vietnam,VNM,1988,37.7
Vietnam,VNM,1994,43.8
Vietnam,VNM,1997,55.8
Vietnam,VNM,1998,57.9
Vietnam,VNM,2000,56.2
Vietnam,VNM,2001,61.1
Vietnam,VNM,2002,56.7
Vietnam,VNM,2003,63.5
Vietnam,VNM,2004,64.6
Vietnam,VNM,2005,65.7
Vietnam,VNM,2006,61
Vietnam,VNM,2007,68.2
Vietnam,VNM,2008,68.8
Vietnam,VNM,2010,67.5
Vietnam,VNM,2011,60
Vietnam,VNM,2012,66.6
Vietnam,VNM,2013,67.1
Vietnam,VNM,2014,57
Vietnam,VNM,2015,65
Vietnam,VNM,2016,66.4
Vietnam,VNM,2018,65.6
Vietnam,VNM,2019,66.5
World,OWID_WRL,1990,53.4954807055704
World,OWID_WRL,2000,55.4165677146118
World,OWID_WRL,2010,48.4159061731985
World,OWID_WRL,2017,53.8035041187338
Yemen,YEM,1979,1.6
Yemen,YEM,1992,6.1
Yemen,YEM,1997,9.8
Yemen,YEM,2003,13.4
Yemen,YEM,2006,19.2
Yemen,YEM,2013,25.2
Zambia,ZMB,1992,8.9
Zambia,ZMB,1996,14.4
Zambia,ZMB,1997,14.4
Zambia,ZMB,1999,18.5
Zambia,ZMB,2002,25.3
Zambia,ZMB,2007,32.7
Zambia,ZMB,2014,44.7
Zambia,ZMB,2018,47.5
Zimbabwe,ZWE,1984,26.6
Zimbabwe,ZWE,1988,36.1
Zimbabwe,ZWE,1989,36.1
Zimbabwe,ZWE,1994,42.2
Zimbabwe,ZWE,1999,50.4
Zimbabwe,ZWE,2006,58.4
Zimbabwe,ZWE,2009,63
Zimbabwe,ZWE,2011,57.3
Zimbabwe,ZWE,2014,66.5
Zimbabwe,ZWE,2015,65.8